,City,Country,Latitude,Longitude,Temperature High,Temperature Low,Feels Like Temp.,Humidity,Cloudiness,Wind Speed
0,Tual,ID,-5.6667,132.75,80.11,80.11,84.47,80,37,20.85
1,Hermanus,ZA,-34.4187,19.2345,48.9,43.81,39.83,70,8,6.82
2,Morant Bay,JM,17.8815,-76.4093,84.88,84.88,93.58,73,12,15.73
3,Mossamedes,AO,-15.1961,12.1522,64.87,64.87,65.14,87,13,7.49
4,Severo-Kuril'sk,RU,50.6789,156.125,50.02,50.02,49.08,93,16,4.52
5,Zarechnyy,RU,53.2036,45.1923,67.53,67.53,68.04,86,5,3.29
6,Tasiilaq,GL,65.6145,-37.6368,46.56,46.56,43.14,95,98,6.8
7,Sambava,MG,-14.2667,50.1667,71.67,71.67,72.63,87,82,12.88
8,Tuatapere,NZ,-46.1333,167.6833,41.83,41.83,38.03,89,100,5.86
9,Barrow,US,71.2906,-156.7887,39.22,39.22,29.86,93,90,18.41
10,Rizhao,CN,35.4275,119.4553,76.77,76.77,78.6,95,100,10.31
11,Ushuaia,AR,-54.8,-68.3,35.26,35.22,29.48,69,75,6.91
12,Port Hardy,CA,50.6996,-127.4199,62.78,57.2,62.15,72,75,11.5
13,Port Alfred,ZA,-33.5906,26.891,57.52,57.52,56.7,79,100,25.19
14,New Norfolk,AU,-42.7826,147.0587,42.58,36.91,37.96,79,14,3.0
15,Punta Arenas,CL,-53.15,-70.9167,42.91,41.02,35.08,70,20,14.97
16,Nicoya,CR,10.1483,-85.452,89.62,89.62,98.24,59,13,5.75
17,Mount Gambier,AU,-37.8333,140.7667,40.91,40.91,36.28,87,40,6.91
18,Castro,BR,-24.7911,-50.0119,59.49,59.49,57.2,44,91,2.82
19,Pouembout,NC,-21.1333,164.9,66.47,66.47,66.96,88,98,2.93
20,Mbekenyera,TZ,-10.0,38.9833,71.33,71.33,71.64,74,6,7.07
21,Clyde River,CA,70.4692,-68.5914,41.23,41.23,35.02,93,75,10.36
22,Vila Velha,BR,-20.3297,-40.2925,71.55,69.94,69.46,60,0,21.0
23,Carnarvon,AU,-24.8667,113.6333,69.87,69.87,70.5,84,90,8.05
24,Mataura,NZ,-46.1927,168.8643,41.49,41.49,39.42,93,100,3.6
25,Okhotsk,RU,59.3833,143.3,55.33,55.33,54.75,89,71,6.64
26,Saint-Philippe,RE,-21.3585,55.7679,69.39,65.21,67.73,83,55,17.36
27,Pevek,RU,69.7008,170.3133,40.51,40.51,40.51,78,100,2.44
28,Labuhan,ID,-6.8844,112.2051,76.21,76.21,77.47,84,100,7.96
29,Airai,TL,-8.9266,125.4092,55.54,55.54,54.9,87,24,3.53
30,Dikson,RU,73.5069,80.5464,45.3,45.3,39.4,71,100,12.37
31,Carlisle,US,40.2015,-77.1889,89.73,82.11,89.67,57,10,1.01
32,Vanimo,PG,-2.6741,141.3028,75.52,75.52,77.2,94,100,3.94
33,Provideniya,RU,64.3833,-173.3,47.01,47.01,47.01,95,100,1.34
34,Coyhaique,CL,-45.5752,-72.0662,51.75,48.31,49.14,54,40,5.75
35,Upernavik,GL,72.7868,-56.1549,40.01,40.01,34.39,93,100,8.41
36,Sinnamary,GF,5.3833,-52.95,81.32,81.32,87.17,80,38,6.26
37,Atar,MR,20.5169,-13.0499,108.39,108.39,101.21,6,19,9.44
38,Butaritari,KI,3.0707,172.7902,82.47,82.47,88.34,74,88,6.89
39,Gangtok,IN,27.3333,88.6167,65.17,65.17,65.77,93,100,2.35
40,Moussoro,TD,13.6408,16.4901,93.0,93.0,94.57,38,69,5.75
41,Hong Kong,HK,22.2855,114.1577,81.32,79.03,87.37,94,100,7.0
42,Orcopampa,PE,-15.2661,-72.3417,57.56,57.56,54.0,21,28,8.28
43,Kapaa,US,22.0752,-159.319,80.58,78.19,79.09,78,1,3.0
44,Iqaluit,CA,63.7506,-68.5145,42.53,41.7,38.46,86,90,5.01
45,Canchungo,GW,12.0672,-16.0333,93.27,87.93,100.53,72,100,9.42
46,Tuktoyaktuk,CA,69.4541,-133.0374,73.4,73.4,73.08,56,1,13.8
47,Qaanaaq,GL,77.484,-69.3632,39.88,39.88,39.88,84,100,1.7
48,Rikitea,PF,-23.1203,-134.9692,71.8,71.8,71.64,63,100,24.16
49,Andreapol',RU,56.6513,32.2664,57.24,57.24,56.08,73,0,5.06
50,Øksfjord,NO,70.2396,22.3479,46.99,43.72,38.75,97,100,22.3
51,Ostrovnoy,RU,68.0531,39.5131,47.01,47.01,47.01,89,100,2.89
52,Praia da Vitória,PT,38.7333,-27.0667,77.25,77.25,77.74,65,20,12.46
53,Atuona,PF,-9.8,-139.0333,76.95,76.95,78.01,78,15,24.94
54,Sabha,LY,27.0377,14.4283,90.82,90.82,86.67,14,0,9.93
55,Broome,US,42.2506,-75.833,85.55,79.0,85.33,62,40,1.99
56,Yambio,SS,4.5721,28.3955,69.31,69.31,69.89,84,5,4.88
57,Port Elizabeth,ZA,-33.918,25.5701,53.89,52.11,53.4,94,75,20.71
58,Taltal,CL,-25.4,-70.4833,66.63,66.63,65.53,54,2,5.7
59,Biak,ID,-0.9131,122.8766,74.39,74.39,75.67,88,64,5.97
60,Port Blair,IN,11.6667,92.75,81.59,81.59,89.47,87,100,20.15
61,Ossora,RU,59.2353,163.0719,59.56,59.56,58.93,79,99,2.37
62,Roald,NO,62.5833,6.1333,57.16,54.09,53.76,67,20,4.61
63,Wilmington,US,34.2257,-77.9447,84.94,78.91,85.96,73,90,4.61
64,Bluff,NZ,-46.6,168.3333,41.81,41.81,35.24,80,100,11.68
65,Denpasar,ID,-8.65,115.2167,78.46,78.46,80.42,94,20,5.75
66,Torbay,CA,47.6666,-52.7314,74.68,68.29,72.64,93,90,12.66
67,Carauari,BR,-4.8828,-66.8958,90.23,90.23,91.02,40,13,3.47
68,Yellowknife,CA,62.456,-114.3525,72.32,69.57,70.38,56,75,4.61
69,Nantucket,US,41.2835,-70.0995,87.62,78.91,83.43,73,1,10.36
70,Kuminskiy,RU,58.6667,66.5667,62.91,62.91,62.42,75,16,6.29
71,Codrington,AU,-38.2667,141.9667,50.95,50.95,48.61,61,100,12.68
72,Chokurdakh,RU,70.6333,147.9167,52.54,52.54,51.91,94,100,13.71
73,Nikol'sk,RU,53.7189,46.0712,67.26,67.26,67.82,88,58,5.12
74,Syriam,MM,16.7722,96.2378,77.11,77.11,78.66,88,75,4.61
75,Paragominas,BR,-2.9667,-47.4833,87.82,87.82,91.47,52,51,2.62
76,Avarua,CK,-21.2078,-159.775,75.25,75.25,76.89,94,75,11.5
77,Mogok,MM,22.9167,96.5,66.88,66.88,67.93,99,99,3.02
78,Lourdes,FR,43.1,-0.05,85.12,74.68,76.69,78,23,4.61
79,Faanui,PF,-16.4833,-151.75,78.96,78.96,78.96,75,10,22.03
80,Chapais,CA,49.7834,-74.8492,65.98,65.98,63.79,32,75,7.85
81,Peniche,PT,39.3558,-9.3811,71.08,63.93,66.54,84,99,16.89
82,Serenje,ZM,-13.2325,30.2352,54.46,54.46,52.43,60,0,5.41
83,Cape Town,ZA,-33.9258,18.4232,50.41,48.88,49.77,79,75,1.01
84,Yulara,AU,-25.2406,130.9889,53.44,53.44,50.68,47,10,5.75
85,Kaeo,NZ,-35.1,173.7833,56.59,56.59,55.85,83,100,11.83
86,Saldanha,ZA,-33.0117,17.9442,48.25,48.25,43.52,59,8,11.07
87,Mandan,US,46.8267,-100.8896,94.03,88.81,92.95,43,1,19.57
88,Ahipara,NZ,-35.1667,173.1667,56.03,56.03,55.33,85,100,11.92
89,Albany,US,42.6001,-73.9662,86.04,79.41,86.85,64,0,6.31
90,Cairns,AU,-16.9167,145.7667,71.55,66.07,70.81,91,90,4.61
91,Mar del Plata,AR,-38.0023,-57.5575,66.22,66.22,64.36,39,0,11.5
92,Ikwiriri,TZ,-7.9562,38.9716,71.24,71.24,72.39,92,5,5.44
93,Naples,IT,40.8333,14.25,82.38,78.12,79.5,65,0,1.99
94,East London,ZA,-33.0153,27.9116,59.94,59.94,59.25,77,20,17.27
95,Marsá Maţrūḩ,EG,31.3525,27.2453,82.6,82.6,87.33,69,0,14.97
96,Ust'-Kulom,RU,61.6864,53.6902,59.76,59.76,58.39,63,100,3.65
97,Palora,EC,-1.7,-77.9333,69.78,68.11,69.13,96,98,0.69
98,Tiksi,RU,71.6872,128.8694,42.48,42.48,39.02,83,30,5.53
99,Āmli,IN,20.2833,73.0167,78.44,78.44,80.22,90,100,11.81
100,Itoman,JP,26.1247,127.6694,79.57,78.4,78.94,96,75,28.77
101,Aklavik,CA,68.2191,-135.0107,77.83,73.4,73.08,56,1,12.66
102,Ha Giang,VN,22.8333,104.9833,76.19,76.19,78.12,98,98,2.62
103,Bambous Virieux,MU,-20.3428,57.7575,71.85,71.22,72.18,73,75,18.41
104,Puerto Ayora,EC,-0.7393,-90.3518,82.36,75.54,76.84,86,90,8.99
105,Cayenne,GF,4.9333,-52.3333,83.08,82.44,90.9,78,21,1.14
106,Belmonte,BR,-15.8631,-38.8828,70.3,70.3,70.7,78,47,15.48
107,Vaini,TO,-21.2,-175.2,71.76,71.76,73.06,94,20,3.44
108,Isangel,VU,-19.55,169.2667,74.03,74.03,75.31,89,13,5.73
109,Arraial do Cabo,BR,-22.9661,-42.0278,76.86,71.56,76.32,44,40,17.27
110,Khovd,MN,48.0056,91.6419,64.56,64.56,63.01,49,4,2.37
111,Carballo,ES,43.213,-8.691,67.91,62.51,65.53,88,88,4.12
112,Ufa,RU,54.775,56.0375,79.97,72.3,72.43,68,100,2.28
113,Banda Aceh,ID,5.5577,95.3222,80.04,80.04,84.18,79,100,14.54
114,Korgen,NO,66.0771,13.8153,50.31,48.31,46.53,88,100,6.26
115,Norman Wells,CA,65.282,-126.8329,73.44,73.44,72.79,49,20,16.11
116,Linqiong,CN,30.4159,103.4609,78.62,78.62,80.42,90,3,1.99
117,Bengkulu,ID,-3.8004,102.2655,75.38,75.38,76.86,90,76,3.31
118,Baryatino,RU,54.3121,34.521,65.48,65.48,64.98,69,64,3.49
119,Inuvik,CA,68.3499,-133.7218,77.86,73.44,76.77,52,1,5.75
120,Malbork,PL,54.0359,19.0266,70.84,64.89,71.08,77,65,1.57
121,Omagh,GB,54.6,-7.3,61.79,61.79,61.81,88,19,3.31
122,Chipinge,ZW,-20.1883,32.6236,54.5,54.5,52.66,64,0,4.88
123,Gay,RU,51.4666,58.4552,68.52,68.52,67.14,44,7,6.6
124,Busselton,AU,-33.65,115.3333,54.05,53.1,53.62,95,100,14.67
125,Hobart,AU,-42.8794,147.3294,42.06,37.26,36.73,82,11,5.01
126,Sompeta,IN,18.9333,84.6,80.64,80.64,86.49,85,100,7.18
127,Saint Paul Harbor,US,57.79,-152.4072,60.31,60.31,59.67,77,75,10.36
128,Kalmunai,LK,7.4167,81.8167,80.91,80.91,83.98,67,100,6.17
129,Coahuayana Viejo,MX,18.7333,-103.6833,92.48,92.48,99.0,49,9,4.54
130,Ponta do Sol,PT,32.6667,-17.1,74.71,72.12,73.94,77,0,2.68
131,Soe,ID,-9.8607,124.284,62.31,62.31,62.62,93,5,4.47
132,Mut,TR,36.6439,33.4389,77.79,77.79,76.82,33,0,2.89
133,Belance,PH,16.1833,121.25,68.5,68.5,69.57,96,100,3.96
134,Thompson,CA,55.7435,-97.8558,71.76,71.76,70.52,40,40,4.61
135,Cap Malheureux,MU,-19.9842,57.6142,72.09,71.47,71.62,70,100,11.99
136,Ribeira Grande,PT,38.5167,-28.7,73.8,73.8,74.3,73,20,17.27
137,Bathsheba,BB,13.2167,-59.5167,86.61,86.61,96.58,70,40,20.71
138,Hūn,LY,29.1268,15.9477,89.67,89.67,86.81,26,0,9.84
139,Fremont,US,37.5483,-121.9886,87.21,55.18,71.33,62,20,5.99
140,Ilulissat,GL,69.2167,-51.1,44.62,44.62,42.17,81,75,4.61
141,Longyearbyen,SJ,78.2186,15.6401,39.04,39.04,36.77,81,75,3.44
142,Cap-aux-Meules,CA,47.3821,-61.8597,69.85,69.82,70.63,88,90,10.36
143,Saint-Paul,RE,-21.0096,55.2707,69.91,65.73,69.4,74,3,1.59
144,Obo,CF,5.3998,26.4869,67.66,67.66,68.63,96,14,3.53
145,Hithadhoo,MV,-0.6,73.0833,80.85,80.85,85.91,79,90,9.6
146,Alice Springs,AU,-23.7,133.8833,44.15,44.15,44.15,57,1,0.0
147,Irbeyskoye,RU,55.6428,95.4522,61.63,61.63,61.57,87,97,2.04
148,Fare,PF,-16.7,-151.0167,78.6,78.6,79.79,77,4,23.98
149,Caldas Novas,BR,-17.7417,-48.625,84.76,84.76,81.68,14,26,0.96
150,Zorritos,PE,-3.6805,-80.6782,84.49,84.49,92.62,73,44,10.65
151,Port-Gentil,GA,-0.7193,8.7815,76.96,76.96,78.26,83,90,17.74
152,Kaitangata,NZ,-46.2817,169.8464,42.93,42.93,39.67,83,54,5.35
153,São Filipe,CV,14.8961,-24.4956,74.7,74.7,75.67,81,17,5.06
154,Ketchikan,US,55.3422,-131.6461,59.47,59.47,59.25,88,90,12.66
155,Cacoal,BR,-11.4386,-61.4472,93.38,93.38,90.09,22,4,4.0
156,Maragogi,BR,-9.0122,-35.2225,78.1,78.1,79.23,77,52,9.15
157,São João Batista,BR,-27.2761,-48.8494,67.82,60.84,64.0,55,100,3.27
158,Mizdah,LY,31.4451,12.9801,81.57,81.57,80.71,36,0,11.05
159,Tongren,CN,27.7172,109.1853,75.15,75.15,76.73,93,58,2.1
160,Saint-Joseph,RE,-21.3667,55.6167,68.38,64.2,66.45,79,24,16.24
161,Cherskiy,RU,68.75,161.3,58.03,58.03,55.83,49,100,5.32
162,Cabo San Lucas,MX,22.8909,-109.9124,99.52,80.15,97.25,40,20,14.97
163,Atambua,ID,-9.1061,124.8925,69.39,69.39,70.25,90,18,5.37
164,Jamestown,US,42.097,-79.2353,83.52,77.72,83.64,58,40,3.0
165,Launceston,AU,-41.45,147.1667,36.16,31.64,32.25,93,29,1.01
166,Touros,BR,-5.1989,-35.4608,85.1,85.1,90.09,62,23,14.72
167,Merauke,ID,-8.4667,140.3333,75.24,75.24,76.46,85,71,13.09
168,Vila Franca do Campo,PT,37.7167,-25.4333,70.21,70.21,71.2,91,97,16.31
169,Dīr,PK,35.2058,71.8756,67.37,67.37,67.8,85,100,5.86
170,Baruun-Urt,MN,46.6806,113.2792,71.1,71.1,70.86,63,88,8.46
171,Lüderitz,NA,-26.6481,15.1594,56.53,56.53,54.75,61,0,24.99
172,Shaowu,CN,27.3409,117.4831,73.9,73.9,75.51,96,84,2.17
173,Kiryat Gat,IL,31.61,34.7642,82.81,78.78,79.83,100,0,8.75
174,Bilma,NE,18.6853,12.9164,99.9,99.9,95.02,12,33,8.43
175,Srednekolymsk,RU,67.45,153.6833,59.07,59.07,58.44,80,99,6.31
176,Starosubkhangulovo,RU,53.1031,57.4423,69.42,69.42,68.97,62,40,3.27
177,Lagoa,PT,39.05,-27.9833,68.83,68.83,69.46,86,0,23.62
178,Lebu,CL,-37.6167,-73.65,56.39,56.39,55.72,85,100,11.36
179,Lavrentiya,RU,65.5833,-171.0,46.18,46.18,43.0,94,100,6.22
180,Matagami,CA,49.7502,-77.6328,66.31,66.31,64.47,39,1,11.5
181,Yangi Marg`ilon,UZ,40.4272,71.7189,75.92,75.92,75.56,50,75,11.5
182,Mutsu,JP,41.2894,141.2169,71.78,71.78,72.93,91,20,1.81
183,Sumbe,AO,-11.2061,13.8437,70.32,70.32,71.19,88,2,7.34
184,Saint-François,FR,46.4154,3.9054,81.84,79.41,81.55,42,0,5.75
185,Nuevo Laredo,MX,27.4763,-99.5164,96.78,84.47,86.7,54,1,8.05
186,Kang,BW,-23.6752,22.7876,52.34,52.34,48.45,25,0,5.99
187,Hilo,US,19.7297,-155.09,82.27,71.33,73.53,93,90,4.61
188,La Sarre,CA,48.8002,-79.1996,68.05,68.05,66.29,37,4,9.22
189,San Patricio,US,28.017,-97.5169,91.38,82.24,87.4,47,61,9.53
190,Portland,US,45.5234,-122.6762,71.69,63.18,66.79,70,90,1.99
191,Tandil,AR,-37.3217,-59.1332,58.26,58.26,55.85,44,100,11.23
192,Hasaki,JP,35.7333,140.8333,72.28,71.89,72.97,85,97,5.77
193,Kumul,CN,42.8,93.45,70.99,70.99,70.61,60,27,6.31
194,Palmeira,BR,-25.4294,-50.0064,64.65,64.65,63.07,48,100,0.4
195,Hamilton,US,39.1834,-84.5333,87.76,81.59,89.11,60,75,1.01
196,Margate,GB,51.3813,1.3862,70.95,67.69,70.25,76,46,9.82
197,Narsaq,GL,60.9167,-46.05,48.42,48.42,47.71,89,100,3.18
198,Nikolskoye,RU,59.7035,30.7861,66.09,58.8,62.44,75,96,6.02
199,Souillac,MU,-20.5167,57.5167,71.98,70.36,72.3,73,75,18.41
200,Angoche,MZ,-16.2325,39.9086,71.73,71.73,72.32,79,0,6.35
201,Esqueda,MX,30.7167,-109.5833,88.65,88.65,87.46,35,100,6.55
202,Santa Isabel Rio Negro,BR,-0.4139,-65.0192,80.4,80.4,85.59,83,100,3.69
203,Kingsport,US,36.5484,-82.5618,86.09,77.72,83.61,48,90,1.01
204,Luanda,AO,-8.8368,13.2343,73.4,73.4,73.87,73,0,6.91
205,Asilah,MA,35.465,-6.0348,78.66,75.16,76.1,79,7,7.9
206,Saint George,US,37.1041,-113.5841,97.27,88.32,93.56,37,1,1.01
207,Bredasdorp,ZA,-34.5322,20.0403,45.72,43.29,42.08,87,51,6.91
208,Quatre Cocos,MU,-20.2078,57.7625,71.71,71.1,71.29,72,98,22.88
209,Beira,MZ,-19.8436,34.8389,66.29,66.29,67.05,94,20,5.75
210,Hoquiam,US,46.9809,-123.8893,67.95,63.0,64.49,56,75,14.97
211,Holme,DK,56.1138,10.1725,59.65,59.65,58.78,74,68,13.73
212,Stary Sącz,PL,49.5636,20.635,64.58,62.53,62.82,75,100,3.96
213,Yatou,CN,37.15,122.3833,74.14,74.14,75.43,89,76,3.0
214,Rawlins,US,41.7911,-107.2387,84.42,80.49,79.41,28,40,9.22
215,Deputatsky,RU,69.3,139.9,51.44,51.44,50.18,83,100,11.27
216,Port Pirie,AU,-33.1833,138.0167,37.49,37.49,34.79,79,100,3.65
217,Dingle,PH,10.9995,122.6711,78.37,78.37,79.9,85,99,11.18
218,Road Town,VG,18.4167,-64.6167,87.84,84.0,95.56,62,20,10.36
219,Kilakarai,IN,9.2333,78.7833,83.75,83.75,87.91,63,84,16.62
220,Macusani,PE,-14.0833,-70.4333,45.5,45.5,42.21,54,100,6.17
221,Stornoway,GB,58.2093,-6.3865,57.92,55.36,55.99,94,90,5.75
222,Beirut,LB,33.8889,35.4944,81.34,78.39,82.85,65,40,10.36
223,Pisco,PE,-13.7,-76.2167,63.01,62.65,62.76,88,75,3.44
224,Korla,CN,41.7597,86.1469,80.31,80.31,80.06,39,10,5.88
225,Grevesmühlen,DE,53.8667,11.1833,67.84,65.66,66.43,71,100,9.55
226,Nagutskoye,RU,44.4415,42.8762,80.82,78.42,80.08,35,0,2.95
227,Saint-Pierre,RE,-21.3393,55.4781,69.48,65.28,67.44,74,0,24.16
228,Jérémie,HT,18.65,-74.1167,86.76,86.76,94.66,65,59,3.11
229,Constitución,CL,-35.3333,-72.4167,64.04,64.04,63.01,61,95,11.01
230,Mount Isa,AU,-20.7333,139.5,46.17,46.17,43.99,57,15,4.61
231,Vavuniya,LK,8.7514,80.4971,78.67,78.67,80.04,81,100,8.32
232,Ponta Delgada,PT,37.7333,-25.6667,70.52,70.52,71.98,100,75,16.11
233,Cockburn Town,TC,21.4612,-71.1419,87.76,87.76,95.56,62,40,11.5
234,Bethel,US,41.3712,-73.414,87.03,80.55,89.15,68,1,1.01
235,Khatanga,RU,71.9667,102.5,54.99,54.99,53.62,73,100,7.34
236,Sabang,ID,5.8933,95.3214,82.87,82.87,90.36,78,100,22.97
237,Olafsvik,IS,64.8945,-23.7142,52.83,52.83,52.09,91,86,15.03
238,Dunedin,NZ,-45.8742,170.5036,40.8,40.8,40.8,80,98,1.99
239,Asău,RO,46.4333,26.4,69.28,67.95,68.9,95,98,4.38
240,Brae,GB,60.3964,-1.353,53.51,53.51,52.23,78,21,5.82
241,Bairiki Village,KI,1.3292,172.9752,80.6,80.6,86.05,83,75,3.44
242,Klaksvík,FO,62.2266,-6.589,52.72,52.72,51.87,89,31,1.39
243,Northam,GB,51.0333,-4.2167,78.42,72.3,78.64,77,66,3.53
244,Durazno,UY,-33.4131,-56.5006,58.95,58.95,56.75,47,0,16.11
245,Pangnirtung,CA,66.1451,-65.7125,46.4,46.4,44.26,87,90,4.61
246,Geraldton,AU,-28.7667,114.6,66.61,66.61,66.83,82,75,19.57
247,Leningradskiy,RU,69.3833,178.4167,35.92,35.92,30.25,81,23,6.96
248,George Town,MY,5.4112,100.3354,81.9,78.73,85.57,79,20,0.0
249,Ocós,GT,14.5094,-92.1933,93.7,88.0,105.69,73,11,6.55
250,Cidreira,BR,-30.1811,-50.2056,60.37,60.37,58.46,50,3,6.17
251,Zaokskiy,RU,54.7306,37.4089,59.25,57.25,55.51,60,31,4.5
252,Canutama,BR,-6.5339,-64.3831,93.47,93.47,92.61,31,0,3.96
253,Nyurba,RU,63.2842,118.3319,53.6,53.6,53.26,98,60,1.25
254,Mananara,MG,-16.1667,49.7667,69.91,69.91,70.88,91,42,9.93
255,Caravelas,BR,-17.7125,-39.2481,72.01,72.01,72.01,66,100,13.29
256,Capaci,IT,38.1711,13.2393,82.13,71.44,78.93,70,0,9.22
257,Grindavik,IS,63.8424,-22.4338,53.56,52.27,51.91,93,75,16.11
258,São João da Barra,BR,-21.6403,-41.0511,73.49,73.49,72.99,52,46,16.71
259,Kavaratti,IN,10.5669,72.642,82.38,82.38,89.19,78,100,16.8
260,Samarai,PG,-10.6167,150.6667,78.01,78.01,79.5,85,98,14.36
261,Eureka,US,40.8021,-124.1637,82.74,57.58,58.57,86,68,3.0
262,Saskylakh,RU,71.9167,114.0833,55.18,55.18,53.89,74,100,5.77
263,Russell,US,32.3502,-85.1999,87.08,83.43,91.0,64,20,5.75
264,Lac du Bonnet,CA,50.2536,-96.0612,81.88,81.88,81.03,37,100,4.5
265,Ananindeua,BR,-1.3656,-48.3722,84.11,84.11,93.9,79,75,9.22
266,Katherine,AU,-14.4667,132.2667,55.72,55.72,53.73,58,6,6.91
267,Luau,AO,-10.7073,22.2247,66.88,66.88,64.49,26,89,2.17
268,Yate,GB,51.5407,-2.4184,84.22,75.43,80.92,42,0,5.01
269,Izumo,JP,35.3667,132.7667,74.79,74.79,75.92,84,100,5.88
270,Totskoye,RU,52.5248,52.7623,71.55,71.55,72.07,78,100,6.73
271,Tiarei,PF,-17.5333,-149.3333,80.62,78.01,85.57,80,23,24.47
272,Jiblah,YE,13.9216,44.1467,62.82,62.82,62.83,86,97,6.78
273,Sørland,NO,67.667,12.6934,49.86,48.27,43.3,78,100,20.62
274,Concepción,CL,-36.827,-73.0498,62.4,62.4,61.72,72,0,9.22
275,Vostok,RU,46.4856,135.8833,68.38,68.38,69.01,87,85,3.2
276,Rayevskiy,RU,54.0658,54.9468,69.21,69.21,69.55,79,99,8.43
277,Kita,ML,13.0349,-9.4895,86.05,86.05,91.56,61,3,4.52
278,Berlevåg,NO,70.8578,29.0864,44.6,44.6,36.57,86,64,19.75
279,Río Gallegos,AR,-51.6226,-69.2181,42.85,42.85,33.13,61,0,25.32
280,Fort Nelson,CA,58.8053,-122.7002,73.72,73.72,72.95,46,22,2.62
281,Simplício Mendes,BR,-7.8539,-41.9103,93.9,93.9,91.38,25,97,6.35
282,Celestún,MX,20.8667,-90.4,87.82,87.82,94.77,60,0,10.47
283,Meïganga,CM,6.5167,14.3,67.21,67.21,68.05,94,100,1.19
284,Youkounkoun,GN,12.5333,-13.1333,81.68,81.68,89.22,85,100,3.91
285,Esperance,AU,-33.8667,121.9,55.24,55.24,54.82,93,100,18.32
286,Comodoro Rivadavia,AR,-45.8667,-67.5,54.05,54.05,51.28,45,6,14.45
287,Mayo,US,38.8876,-76.5119,94.21,84.97,99.32,62,23,8.99
288,Alofi,NU,-19.0595,-169.9187,67.89,67.89,68.79,94,6,3.44
289,Kruisfontein,ZA,-34.0033,24.7314,49.89,49.89,43.92,82,100,17.65
290,Komatipoort,ZA,-25.4332,31.9548,65.46,65.46,63.64,41,0,5.08
291,San Juan,AR,-31.5375,-68.5364,71.33,71.33,68.72,12,4,4.03
292,Chanika,TZ,-5.4167,38.0167,63.01,63.01,63.57,97,3,4.36
293,Burriana,ES,39.889,-0.085,84.51,79.09,86.02,74,94,6.62
294,La Santisima Trinidad,BO,-14.8333,-64.9,76.98,76.98,75.83,31,14,8.05
295,Taos,US,36.4072,-105.5731,82.98,75.45,78.8,44,1,3.0
296,Ţahţā,EG,26.7693,31.5021,102.52,98.71,98.33,14,0,7.47
297,Nabire,ID,-3.3667,135.4833,75.18,75.18,76.73,92,90,3.24
298,Nanortalik,GL,60.1432,-45.2371,49.35,49.35,43.57,73,100,15.99
299,Half Moon Bay,US,37.4636,-122.4286,81.45,55.13,67.37,69,20,8.05
300,Dali,CN,25.7,100.1833,64.31,64.31,64.06,77,5,1.95
301,Burgeo,CA,47.6167,-57.6152,61.05,61.05,61.5,99,100,12.55
302,Seka,TH,17.9285,103.9552,74.21,74.21,75.94,98,100,3.76
303,Tari,NG,12.4086,4.4914,86.58,86.58,90.39,55,68,13.11
304,Shimanovsk,RU,52.0,127.7,67.24,67.24,68.18,96,4,3.15
305,Tucumã,BR,-0.1833,-50.05,84.96,84.96,91.87,68,11,8.93
306,Nelson Bay,AU,-32.7167,152.15,51.1,48.29,48.83,79,100,4.0
307,Pansoy,PH,13.1825,122.5989,80.46,80.46,85.37,81,100,22.17
308,Vestmannaeyjar,IS,63.4427,-20.2734,53.29,53.29,52.56,90,10,15.32
309,Havøysund,NO,70.9963,24.6622,44.83,43.68,36.75,92,100,20.36
310,Carnot,CF,4.9409,15.8665,71.24,71.24,72.43,93,100,3.06
311,Salalah,OM,17.0151,54.0924,78.89,78.89,78.89,89,75,5.75
312,Lyuban',BY,52.7985,28.0048,65.66,65.66,65.12,68,100,7.16
313,Sánchez,DO,19.2281,-69.6137,89.62,89.38,101.62,66,20,11.5
314,Lázaro Cárdenas,MX,17.9583,-102.2,85.78,85.78,93.72,68,99,4.38
315,Athabasca,CA,54.7169,-113.2854,63.01,60.49,60.58,44,61,9.33
316,Colwyn Bay,GB,53.2948,-3.7267,77.07,70.83,74.39,78,0,1.95
317,Xaçmaz,AZ,41.4635,48.806,82.45,82.45,85.71,63,69,2.39
318,Taitung City,TW,22.7583,121.1444,79.45,79.45,79.45,83,93,4.09
319,North Bend,US,43.4065,-124.2243,73.94,59.07,62.62,83,90,13.8
320,Grootfontein,NA,-19.5667,18.1167,47.77,47.77,47.77,46,0,2.3
321,Chui,UY,-33.6971,-53.4616,55.72,55.72,53.87,61,5,10.83
322,Sun Valley,US,39.5963,-119.776,91.49,78.17,82.78,30,20,1.99
323,Lillooet,CA,50.6856,-121.942,77.76,77.72,76.55,28,6,4.65
324,Labuan,MY,5.2767,115.2417,78.96,77.36,79.5,100,20,0.0
325,Tooele,US,40.5308,-112.2983,90.57,78.62,84.18,34,18,3.76
326,Senanga,ZM,-16.1167,23.2667,60.01,60.01,57.36,35,4,4.76
327,Umm Kaddadah,SD,13.6017,26.6876,89.94,89.94,89.96,38,100,11.25
328,Sitka,US,57.0531,-135.33,57.09,57.09,56.12,77,75,4.61
329,Havelock,US,34.8791,-76.9013,80.94,76.96,78.8,86,90,5.99
330,Thunder Bay,CA,48.4001,-89.3168,67.98,66.56,66.04,34,20,14.97
331,Kloulklubed,PW,7.0419,134.2556,83.01,83.01,90.72,78,98,8.19
332,Chiredzi,ZW,-21.05,31.6667,63.7,63.7,61.97,47,0,4.7
333,Altus,US,34.6381,-99.334,84.27,82.96,84.52,46,75,10.36
334,Ginir,ET,7.1333,40.7,62.08,62.08,61.23,69,95,14.99
335,Manggar,ID,-2.8833,108.2667,80.49,80.49,85.46,81,100,6.13
336,Curug,ID,-6.2658,106.5564,82.22,74.16,85.86,89,40,4.61
337,Vung Tau,VN,10.346,107.0843,80.19,80.19,85.06,83,100,13.24
338,Baker City,US,44.7749,-117.8344,64.11,64.11,62.67,52,40,8.05
339,Laguna,US,38.421,-121.4238,99.64,75.16,83.14,46,1,9.22
340,Kieta,PG,-6.2167,155.6333,77.81,77.81,79.2,83,100,3.4
341,Lake Shasta,US,40.6804,-122.3708,97.45,88.52,89.35,18,0,1.99
342,Baijiantan,CN,45.6333,85.1833,88.88,88.88,85.23,19,0,2.71
343,Pamekasan,ID,-7.1568,113.4746,77.85,77.85,78.91,76,57,8.3
344,Tadine,NC,-21.55,167.8833,71.15,71.15,72.14,89,0,4.99
345,Sciacca,IT,37.5082,13.0881,82.09,76.05,79.88,55,0,8.9
346,Sangar,RU,63.9242,127.4739,64.49,64.49,63.64,64,100,4.25
347,La Maddalena,IT,41.2142,9.4083,80.76,80.65,84.81,75,0,12.44
348,Takaungu,KE,-3.6837,39.8566,78.89,77.49,78.98,86,20,16.2
349,Belaya Gora,RU,68.5333,146.4167,59.32,59.32,58.86,83,86,10.36
350,Iquitos,PE,-3.7481,-73.2472,87.89,87.89,89.19,45,10,3.51
351,Bogotol,RU,56.2078,89.5342,56.16,56.16,55.42,84,100,4.05
352,Hofn,IS,64.2539,-15.2082,54.9,54.9,54.18,87,32,8.12
353,Auki,SB,-8.7676,160.7034,76.44,76.44,78.01,90,100,5.37
354,Larsnes,NO,62.2028,5.5773,59.41,52.77,53.1,70,23,6.31
355,Diamantina,BR,-18.2494,-43.6003,68.85,68.85,68.02,55,71,11.56
356,Sovetskiy,RU,61.3614,63.5842,67.77,67.77,67.53,70,99,3.83
357,San Cristobal,VE,7.7669,-72.225,78.98,78.98,78.98,50,4,8.37
358,Payo,ID,-3.7508,103.6372,72.07,72.07,73.4,94,28,1.74
359,Fort Morgan,US,40.2503,-103.8,97.81,88.54,88.56,24,1,10.36
360,Zambezi,ZM,-13.5432,23.1047,59.54,59.54,56.89,36,0,4.43
361,Colares,PT,38.7992,-9.4469,73.08,66.81,69.42,64,20,11.99
362,Rocha,UY,-34.4833,-54.3333,56.1,56.1,54.28,61,10,11.3
363,Korsholm,FI,63.1142,21.6822,59.41,59.41,57.63,55,87,14.67
364,Valparaíso,CL,-33.0393,-71.6273,75.43,64.04,69.04,33,0,3.44
365,Shimoda,JP,34.6667,138.95,74.1,74.1,75.2,85,5,2.08
366,Bagdarin,RU,54.4333,113.6,53.42,53.42,52.7,90,0,2.55
367,Torres,BR,-29.3353,-49.7269,69.82,69.82,69.42,62,88,5.68
368,Arrondissement de Morlaix,FR,48.5833,-4.0,82.47,75.25,78.75,61,0,10.36
369,Andenes,NO,69.3143,16.1194,47.07,42.46,38.97,93,75,19.57
370,Kavieng,PG,-2.5744,150.7967,80.69,80.69,85.39,78,100,5.19
371,Marzuq,YE,14.4,46.4667,78.12,78.12,78.64,64,92,7.38
372,General Roca,AR,-39.0333,-67.5833,63.0,63.0,61.07,44,100,5.26
373,Waipawa,NZ,-41.4122,175.5153,50.63,48.11,44.94,85,100,8.21
374,Madang,PG,-5.2246,145.7966,75.38,75.38,76.95,92,96,4.63
375,Zyryanovsk,KZ,49.7386,84.2719,62.22,62.22,61.29,67,30,2.66
376,Lábatlan,HU,47.7473,18.4962,73.36,67.26,69.06,60,0,9.31
377,Pa Sang,TH,18.5262,98.9394,77.2,77.2,79.12,96,100,4.47
378,Coari,BR,-4.085,-63.1414,89.51,89.51,91.33,44,26,3.13
379,Komono,JP,35.0,136.5167,79.02,77.34,79.5,93,22,0.56
380,Casper,US,42.8666,-106.3131,91.51,90.19,87.17,22,1,5.01
381,Três Passos,BR,-27.4556,-53.9319,56.59,56.59,54.1,46,99,0.27
382,Jeumont,FR,50.2966,4.1011,74.44,69.96,72.03,82,0,6.35
383,Diu,IN,20.7141,70.9822,82.47,82.47,90.54,82,100,22.79
384,‘Ewa Beach,US,21.3156,-158.0072,80.55,76.37,79.47,64,20,15.01
385,Lębork,PL,54.5392,17.7501,67.55,64.76,66.96,77,15,9.53
386,Torquay,GB,50.4638,-3.5143,78.28,77.16,78.1,74,0,3.74
387,Sur,OM,22.5667,59.5289,92.19,92.19,101.89,55,39,19.66
388,Potosí,BO,-19.5836,-65.7531,55.11,55.11,51.03,15,62,16.2
389,Mahébourg,MU,-20.4081,57.7,71.89,70.25,72.21,73,75,18.41
390,Jutaí,BR,-5.1833,-68.9,89.49,89.49,90.27,41,9,3.89
391,Chauk,MM,20.8833,94.8167,79.25,79.25,79.25,84,54,16.87
392,Severnyy,RU,50.677,36.5532,78.84,78.84,78.84,61,0,4.47
393,Pacific Grove,US,36.6177,-121.9166,81.1,55.42,58.86,86,40,5.99
394,Lokoja,NG,7.8024,6.743,75.4,75.4,76.96,92,100,4.92
395,Shumskiy,RU,54.8318,99.1328,54.81,54.81,54.36,93,8,2.04
396,Riyadh,SA,24.6877,46.7219,100.54,100.54,96.75,16,100,6.33
397,Husavik,IS,66.0449,-17.3389,76.91,76.91,77.88,76,1,5.35
398,Dudinka,RU,69.4058,86.1778,47.68,47.68,47.68,69,10,2.68
399,Vila Nova da Telha,PT,41.0717,-8.6415,68.95,64.11,66.0,86,75,9.22
400,Jacareacanga,BR,-6.2222,-57.7528,93.51,93.51,99.41,46,0,4.61
401,Hualmay,PE,-11.0964,-77.6139,67.75,67.75,67.42,68,19,8.61
402,Khāsh,IR,28.2211,61.2158,83.05,83.05,80.38,12,0,10.13
403,Gold Coast,AU,-28.0,153.4333,54.16,42.87,47.68,72,0,1.01
404,Kushiro,JP,42.975,144.3747,64.62,64.62,65.28,96,14,3.89
405,San Quintín,MX,30.4833,-115.95,76.48,76.48,76.98,67,11,14.41
406,Bandarbeyla,SO,9.4942,50.8122,76.69,76.69,77.83,80,69,28.79
407,Irati,BR,-25.4672,-50.6511,59.88,59.88,57.74,46,100,0.51
408,Krasnovishersk,RU,60.4078,57.082,63.28,63.28,63.97,99,100,3.53
409,Aberdeen,GB,57.1437,-2.0981,63.5,57.81,59.49,88,90,4.61
410,Methóni,GR,36.8197,21.7049,80.46,80.46,85.37,81,0,14.81
411,Martinsville,US,36.6915,-79.8725,85.93,85.93,85.15,39,100,4.36
412,Cap Estate,LC,14.0833,-60.95,82.18,82.18,87.73,74,100,18.01
413,Burnie,AU,-41.0667,145.9167,44.31,44.31,40.24,78,50,7.18
414,Poum,NC,-20.2333,164.0167,70.07,70.07,70.21,73,18,13.0
415,Puerto Maldonado,PE,-12.6,-69.1833,77.4,77.4,76.91,44,0,5.75
416,Udachny,RU,66.4167,112.4,64.29,64.29,63.05,56,100,6.06
417,Kahramanmaraş Province,TR,38.0,37.0,72.23,72.23,71.22,44,0,7.05
418,Gallup,US,35.5281,-108.7426,86.76,84.04,82.6,31,1,1.01
419,Tateyama,JP,34.9833,139.8667,79.02,75.09,76.19,81,91,2.1
420,Mbanza-Ngungu,CD,-5.25,14.8667,75.85,75.85,74.88,37,1,4.9
421,Katsuura,JP,35.1333,140.3,79.11,75.18,77.27,84,14,2.64
422,Visim,RU,57.6488,59.5014,65.34,65.34,64.81,69,8,6.24
423,Neiafu,TO,-18.65,-173.9833,75.88,75.88,77.07,83,40,2.3
424,Gambēla,ET,8.25,34.5833,69.17,69.17,70.25,95,100,2.26
425,Sayansk,RU,54.1088,102.1648,55.74,55.74,55.29,91,100,2.48
426,Port-Cartier,CA,50.0334,-66.8654,70.02,68.11,69.58,61,17,9.75
427,Goderich,CA,43.7501,-81.7165,82.04,71.91,77.74,69,0,10.36
428,Kamaishi,JP,39.2667,141.8833,72.77,72.77,73.89,88,14,3.94
429,Qurayyat,SA,31.3318,37.3428,89.78,89.78,87.48,29,0,23.02
430,Nikki,BJ,9.9401,3.2108,78.03,78.03,78.96,73,90,5.5
431,Arman',RU,59.7,150.1667,55.89,55.89,55.17,85,100,1.68
432,Maniitsoq,GL,65.4167,-52.9,43.68,43.68,38.43,87,99,9.46
433,Jardim,BR,-21.4803,-56.1381,78.53,78.53,76.64,12,20,1.57
434,Columbus,US,39.9612,-82.9988,87.66,81.66,88.68,59,75,0.0
435,Varkaus,FI,62.3153,27.873,59.31,55.09,57.16,49,100,6.93
436,Kerman,IR,30.2832,57.0788,81.95,81.95,79.57,12,4,10.2
437,Baishishan,CN,43.5833,127.5667,68.99,68.99,70.11,96,100,2.46
438,Namatanai,PG,-3.6667,152.4333,77.59,77.59,79.05,85,100,4.14
439,Newcastleton,GB,55.1796,-2.8127,67.64,67.64,68.38,91,2,4.59
440,Te Anau,NZ,-45.4167,167.7167,39.7,39.7,39.7,93,100,2.73
441,West Bay,KY,19.3667,-81.4167,89.67,88.0,100.83,73,20,5.01
442,Alugan,PH,12.2188,125.4808,79.56,79.56,79.56,84,100,8.12
443,Scarborough,GB,54.2797,-0.4044,76.66,65.16,68.16,78,2,4.0
444,Isāgarh,IN,24.8333,77.8833,79.27,79.27,79.27,81,100,12.97
445,São Gabriel da Cachoeira,BR,-0.1303,-67.0892,75.0,75.0,76.62,94,75,4.61
446,Killarney,IE,52.05,-9.5167,75.18,75.18,75.83,73,49,1.41
447,Chalchihuites,MX,23.4833,-103.8833,75.94,75.94,74.93,36,39,8.23
448,Pandan,PH,14.0453,124.1694,81.05,81.05,87.55,85,100,13.27
449,Shellbrook,CA,53.2168,-106.4011,63.63,63.63,61.66,42,10,10.96
450,Antofagasta,CL,-23.65,-70.4,65.21,58.28,64.29,61,1,4.76
451,Lazarev,RU,52.225,141.5131,57.78,57.78,57.06,81,100,11.41
452,Nardaran,AZ,40.5561,50.0056,82.04,82.04,89.67,83,0,4.61
453,Joshīmath,IN,30.5667,79.5667,70.36,70.36,71.56,95,97,0.27
454,Emba,KZ,48.8264,58.1442,82.63,82.63,80.78,28,68,13.09
455,Province of Trapani,IT,37.8333,12.6667,81.34,75.29,78.85,83,0,9.22
456,Beyneu,KZ,45.3167,55.2,92.12,92.12,89.73,27,39,5.53
457,Rawson,AR,-43.3002,-65.1023,57.47,57.47,54.61,36,100,17.58
458,Sept-Îles,CA,50.2001,-66.3821,70.32,68.43,69.69,56,40,11.5
459,Guerrero Negro,MX,27.9769,-114.0611,78.64,78.64,78.87,57,17,17.11
460,Kazachinskoye,RU,57.6953,93.2761,60.04,60.04,59.5,80,100,0.72
461,Port Augusta,AU,-32.5,137.7667,37.54,36.72,32.95,77,100,4.61
462,Mt. Pleasant,US,32.7941,-79.8626,82.54,76.98,79.9,87,20,3.0
463,Mandera,KE,3.9366,41.867,84.87,84.87,84.0,39,100,22.03
464,Krasnosel'kup,RU,65.7,82.4667,52.18,52.18,50.11,64,1,5.12
465,General Pico,AR,-35.6566,-63.7568,66.63,66.63,64.26,27,16,8.52
466,Shache,CN,38.4167,77.2406,72.9,72.9,72.19,49,99,5.37
467,Kulhudhuffushi,MV,6.6221,73.07,82.81,82.81,89.65,76,51,13.13
468,Conceição do Araguaia,BR,-8.2578,-49.2647,95.13,95.13,94.98,31,0,6.91
469,La Ronge,CA,55.1001,-105.2842,66.45,66.42,65.75,63,90,6.91
470,Rangpur City,BD,25.75,89.25,83.05,83.05,92.08,82,100,5.48
471,Zakharovo,RU,54.366,39.2792,66.67,66.67,65.57,54,32,4.18
472,Sisimiut,GL,66.9395,-53.6735,47.82,47.82,44.31,73,94,7.56
473,Gizo Government Station,SB,-8.103,156.8419,81.63,81.63,86.99,76,100,14.43
474,Lorengau,PG,-2.0226,147.2712,79.2,79.2,79.2,81,100,2.35
475,Atikokan,CA,48.7555,-91.6216,78.73,78.73,78.73,30,100,3.94
476,Nome,US,64.5011,-165.4064,53.67,53.11,53.15,94,90,11.5
477,Vanavara,RU,60.34,102.2797,54.52,54.52,54.03,93,45,1.7
478,Bonfim,BR,3.0833,-59.95,82.35,82.35,85.14,61,72,4.94
479,Aksarka,RU,66.5606,67.7975,58.95,58.95,58.26,79,89,13.0
480,Lompoc,US,34.6391,-120.4579,89.13,63.32,72.55,74,1,6.91
481,Drochia,MD,48.035,27.8161,66.83,66.83,67.64,94,100,6.76
482,Hervey Bay,AU,-25.2986,152.8535,48.04,44.71,42.62,59,0,13.13
483,Kudahuvadhoo,MV,2.6708,72.8944,81.55,81.55,87.06,77,31,6.96
484,Orotukan,RU,62.2667,151.7,65.77,65.77,64.63,55,100,4.38
485,Panabá,MX,21.2833,-88.2667,99.66,99.66,103.55,33,29,4.61
486,Kahului,US,20.8947,-156.47,78.82,74.14,77.95,74,40,13.8
487,Marrakesh,MA,31.6315,-8.0083,95.07,95.07,92.55,24,0,12.66
488,Balve,DE,51.3333,7.8667,68.25,64.11,65.61,80,0,2.95
489,Abhā,SA,18.2164,42.5053,64.22,62.85,62.98,88,40,0.0
490,Amahai,ID,-3.3333,128.9167,76.51,76.51,78.13,91,44,2.13
491,Palana,RU,59.1167,159.9667,49.82,49.82,46.27,86,100,8.68
492,Mosquera,CO,4.7059,-74.2302,62.69,62.69,61.43,59,75,11.5
493,Klyuchi,RU,52.2667,79.1667,62.8,62.8,62.02,69,64,7.83
494,Padang,ID,-0.9492,100.3543,73.45,73.45,74.3,81,100,4.41
495,Sena Madureira,BR,-9.0656,-68.6569,90.3,90.3,88.05,29,5,3.53
496,Marshalltown,US,42.0494,-92.908,85.66,81.95,84.87,54,1,6.91
497,Chernyshevskiy,RU,63.0128,112.4714,60.71,60.71,59.58,66,98,3.49
498,Petropavlovsk-Kamchatskiy,RU,53.0452,158.6483,54.19,54.19,54.01,100,75,2.24
499,La Rioja,ES,42.25,-2.5,83.98,80.49,81.14,49,4,4.12
500,Venice,US,27.0998,-82.4543,93.24,85.98,102.22,70,1,10.36
501,Xinqing,CN,48.2333,129.5,67.95,67.95,69.01,97,0,2.66
502,Taoudenni,ML,22.6783,-3.9836,113.11,113.11,106.47,8,99,0.51
503,Belyy Yar,RU,53.6039,91.3903,62.49,62.49,62.06,77,0,2.24
504,Kismayo,SO,-0.3582,42.5454,76.69,76.69,77.92,82,54,17.63
505,Ampanihy,MG,-24.7,44.75,70.54,70.54,70.07,59,1,2.68
506,Lata,PT,40.1629,-8.3327,67.35,63.05,64.42,70,5,7.29
507,San Nicolas,PH,18.1725,120.5953,78.12,78.12,79.72,87,100,9.35
508,Bilibino,RU,68.0546,166.4372,55.02,55.02,52.48,48,100,2.37
509,Salym,RU,60.0625,71.4789,60.33,60.33,59.92,82,33,5.48
510,Meylan,FR,45.2199,5.7901,80.04,72.88,76.33,80,0,2.21
511,Chara,RU,56.9064,118.2631,62.6,62.6,62.42,82,92,3.62
512,Yabēlo,ET,4.8833,38.0833,63.55,63.55,62.44,60,97,6.91
513,Conde,BR,-7.2597,-34.9075,81.86,81.86,87.04,74,75,8.05
514,Khasan,RU,42.4308,130.6434,73.04,73.04,74.52,95,42,2.98
515,Shirvan,AZ,39.9509,48.8994,82.65,82.65,87.21,68,59,8.97
516,Richards Bay,ZA,-28.783,32.0377,66.97,66.97,65.91,54,0,10.33
517,Kānor,IN,24.4333,74.2667,78.8,78.8,78.8,79,97,14.63
518,Mackay,AU,-21.15,149.2,60.04,48.18,47.32,81,0,4.61
519,Kerema,PG,-7.9631,145.7785,76.57,76.57,78.21,91,100,2.06
520,Uíge,AO,-7.6087,15.0613,70.93,70.93,69.6,40,0,0.92
521,Tabou,CI,4.423,-7.3528,77.02,77.02,77.94,75,42,10.29
522,Balaguer,ES,41.7912,0.8109,81.99,81.99,82.18,46,78,3.56
523,Qui Nhon,VN,13.7667,109.2333,84.0,84.0,89.85,68,100,16.35
524,Mogzon,RU,51.7435,111.9606,56.93,56.93,55.94,77,100,2.44
525,Anūpgarh,IN,29.1911,73.2086,95.09,95.09,105.42,50,100,13.2
526,Bontang,ID,0.1333,117.5,78.4,78.4,80.04,87,56,6.06
527,Dongsheng,CN,39.8161,109.9776,68.2,68.2,67.82,66,0,13.29
528,Ghauspur,PK,28.1391,69.0831,96.69,96.69,107.04,47,9,8.9
529,Coquimbo,CL,-29.9533,-71.3436,55.13,55.13,53.92,76,20,11.5
530,Lukaya,UG,-0.1489,31.8748,75.25,75.25,75.67,68,35,2.48
531,Seoul,KR,37.5683,126.9778,78.19,75.61,78.67,94,40,2.3
532,Zhigansk,RU,66.7697,123.3711,54.68,54.68,53.51,78,100,10.89
533,Nador,MA,35.174,-2.9287,82.47,79.05,79.05,47,0,8.05
534,Fuyang,CN,32.9,115.8167,76.87,76.87,78.78,96,100,9.22
535,Inhambane,MZ,-23.865,35.3833,69.78,69.78,70.59,88,20,3.44
536,Porto Nacional,BR,-10.7081,-48.4172,95.0,95.0,90.63,15,0,6.42
537,Tongling,CN,30.95,117.7833,76.57,76.57,78.3,93,100,5.5
538,Rio Grande,BR,-32.035,-52.0986,64.51,62.94,61.47,54,0,7.63
539,Bafoulabé,ML,13.8065,-10.8321,89.87,89.87,98.82,59,8,2.24
540,Matara,LK,5.9485,80.5353,80.2,80.2,85.26,84,100,13.29
541,Egvekinot,RU,66.3167,-179.1667,35.13,35.13,28.31,96,100,8.61
542,Clonakilty,IE,51.6231,-8.8706,74.41,74.41,75.25,79,86,6.46
543,Inírida,CO,3.8653,-67.9239,81.34,81.34,87.85,83,59,3.65
544,Kamenka,RU,51.3223,42.7678,70.09,70.09,70.09,70,74,4.07
545,Seymchan,RU,62.8833,152.4333,68.2,68.2,67.3,55,32,4.7
546,Malanje,AO,-9.5402,16.341,70.7,70.7,68.68,26,0,3.15
547,Homer,US,59.6425,-151.5483,60.08,55.27,56.46,82,90,3.44
548,Hearst,CA,49.6835,-83.6665,72.88,72.88,71.19,28,11,7.31
549,Vardø,NO,70.3705,31.1107,46.6,44.58,40.14,76,40,8.05
550,Boguchany,RU,58.3814,97.4531,54.55,54.55,54.09,93,1,0.29
551,Gamba,GA,-2.65,10.0,72.66,72.66,73.72,87,6,9.33
552,Mahon,ES,39.8885,4.2658,79.36,79.36,79.36,65,0,8.05
553,Florida,US,28.7505,-82.5001,95.09,83.75,96.49,62,1,6.91
554,Kandrian,PG,-6.2167,149.55,76.55,76.55,78.19,91,97,6.2
555,Tura,IN,25.5198,90.2201,75.4,75.4,77.14,96,100,4.81
556,Bridgetown,BB,13.1,-59.6167,86.49,86.49,96.26,70,40,20.71
557,Superior,US,46.7208,-92.1041,71.42,62.33,66.16,81,90,13.8
558,Alekseyevsk,RU,57.8406,108.3492,60.31,60.31,59.52,74,100,1.77
559,Ormož,SI,46.4114,16.1544,72.5,66.61,68.32,63,18,4.47
560,Christchurch,NZ,-43.5333,172.6333,45.91,39.4,44.98,85,100,1.99
561,Bang Pakong,TH,13.543,100.9933,83.01,77.95,86.0,85,100,10.45
562,Adrar,MR,20.5022,-10.0711,104.92,104.92,98.31,6,14,13.42
563,Kununurra,AU,-15.7667,128.7333,55.38,55.38,54.19,76,72,1.14
564,Maceió,BR,-9.6658,-35.7353,81.84,81.84,85.14,65,40,12.66
565,San Rafael,AR,-34.6177,-68.3301,67.68,67.68,64.53,8,100,3.2
566,Bowen,AU,-20.0167,148.2333,46.62,46.62,41.79,43,6,10.16
567,Calvinia,ZA,-31.4707,19.776,37.85,37.85,32.86,91,23,6.51
568,Japura,ID,-0.3167,102.35,75.11,75.11,76.6,91,100,1.97
569,Polunochnoye,RU,60.8697,60.4153,62.11,62.11,62.44,94,100,4.9
570,Yeppoon,AU,-23.1333,150.7333,44.38,44.38,40.64,53,0,6.58
571,Den Helder,NL,52.9599,4.7593,70.97,64.38,67.12,73,0,5.99
572,Dalmatovo,RU,56.26,62.9362,66.79,66.79,66.36,68,40,7.0
573,Ulladulla,AU,-35.35,150.4667,49.1,44.76,40.73,64,92,20.15
574,Falam,MM,22.9167,93.6833,64.36,64.36,65.1,98,100,2.24
575,Lithgow,AU,-33.4833,150.15,41.86,35.08,30.74,94,99,9.66
576,Morehead,US,37.2711,-87.1764,86.14,82.15,88.11,61,75,1.99
577,Cotonou,BJ,6.3654,2.4183,80.58,80.58,85.15,78,20,16.11
578,Mocuba,MZ,-16.8392,36.9856,65.07,65.07,65.12,82,1,3.67
579,Balingasay,PH,16.3573,119.8564,79.32,79.32,79.32,89,100,10.89
580,Harper,LR,4.375,-7.7169,76.71,76.71,77.47,72,19,9.17
581,Dombarovskiy,RU,50.7587,59.5386,74.19,74.19,73.18,40,17,8.34
582,Mangai,CD,-4.05,19.5333,79.03,79.03,79.03,27,88,2.48
583,Malhārgarh,IN,24.2833,74.9833,78.55,78.55,79.95,82,100,16.46
584,Bodden Town,KY,19.2833,-81.25,89.6,87.93,100.9,73,20,3.0
585,Rāikot,IN,30.65,75.6,78.8,78.8,78.8,89,29,7.65
586,Banjar,ID,-8.19,114.9675,78.66,78.66,80.4,89,85,4.05
587,San Vicente,AR,-26.6167,-54.1333,63.73,63.73,61.12,28,65,1.95
588,Arzgir,RU,45.3728,44.2206,90.72,90.72,87.03,20,0,8.68
589,Altay,CN,47.8667,88.1167,67.89,67.89,65.93,33,0,7.47
590,Garoowe,SO,8.4054,48.4845,83.32,83.32,82.63,40,65,25.48
591,Boké,GN,10.9409,-14.2967,79.39,79.39,79.39,87,100,6.06
592,Ulaangom,MN,49.9811,92.0667,65.23,65.23,63.9,52,2,3.4
593,Ekhabi,RU,53.5102,142.9671,54.52,54.52,53.94,91,100,12.97
594,Anloga,GH,5.7947,0.8973,82.62,82.62,90.61,81,51,13.44
595,Urucará,BR,-2.5364,-57.76,86.18,86.18,90.37,57,72,1.95
596,Puerto Escondido,MX,15.85,-97.0667,89.28,89.28,96.46,57,11,6.93
597,Lixouri,GR,38.2019,20.4314,75.2,75.2,76.32,83,0,7.87
598,Lima,PE,-12.0432,-77.0282,65.14,64.65,64.2,72,90,9.22
599,Jaguarari,BR,-10.2639,-40.1958,80.46,80.46,81.1,49,23,14.52
600,Léo,BF,11.1,-2.1,78.62,78.62,79.34,67,81,7.45
601,Waddān,LY,29.1614,16.139,89.42,89.42,86.54,26,0,10.42
602,Necochea,AR,-38.5473,-58.7368,57.04,57.04,54.99,54,98,12.82
603,Warrington,GB,53.3925,-2.5802,79.05,74.01,77.67,55,0,1.99
604,Boulsa,BF,12.6675,-0.5758,90.91,90.91,93.22,43,75,5.66
605,Usogorsk,RU,63.4106,48.6872,57.87,57.87,56.12,59,59,1.21
606,Mishkino,RU,55.3389,63.9175,63.9,63.9,63.52,75,17,8.25
607,Oulu,FI,65.0124,25.4682,57.31,52.21,51.04,83,0,11.5
608,El Tránsito,SV,13.35,-88.35,96.46,92.91,101.79,40,22,3.15
609,Kaitong,CN,44.8135,123.15,74.3,74.3,75.38,84,7,7.7
610,College,US,64.8569,-147.8028,76.91,76.91,76.23,41,11,3.47
611,Hambantota,LK,6.1241,81.1185,79.14,79.14,79.14,94,100,6.91
612,Hede,CN,33.7681,120.2517,77.7,77.7,79.3,88,98,11.95
613,Quelimane,MZ,-17.8786,36.8883,69.75,69.75,70.56,88,0,4.61
614,Bud,US,39.447,-86.1758,85.68,80.02,83.95,51,74,5.66
615,Moravské Budějovice,CZ,49.0521,15.8086,65.39,58.01,61.03,67,60,6.76
616,Manzhouli,CN,49.6,117.4333,69.69,69.69,70.16,81,100,2.62
617,Camacha,PT,33.0833,-16.3333,70.56,69.22,69.28,73,75,11.5
618,Kondopoga,RU,62.2057,34.2614,60.48,60.48,59.14,62,100,5.91
619,Port Hawkesbury,CA,45.6169,-61.3485,78.75,69.87,76.05,76,75,13.8
620,Ortaköy,TR,38.7373,34.0387,80.85,80.85,79.11,20,0,4.5
621,Korhogo,CI,9.45,-5.6333,78.26,78.26,78.94,67,37,2.84
622,Toora-Khem,RU,52.4675,96.11,54.45,54.45,53.78,89,4,1.41
623,Denham Springs,US,30.4869,-90.9562,81.12,76.95,78.96,92,90,9.22
624,Ternate,ID,0.8,127.4,79.68,79.68,79.68,80,82,2.84
625,Rosarito,MX,32.3333,-117.0333,92.59,71.11,82.51,58,87,13.2
626,Nuevo Progreso,MX,23.1667,-97.95,93.6,89.47,94.06,51,3,11.79
627,Monrovia,LR,6.3005,-10.7969,76.77,76.77,77.86,79,100,13.15
628,Taber,CA,49.8167,-112.1518,81.48,71.44,69.82,24,43,9.22
629,Honningsvåg,NO,70.9821,25.9704,44.35,44.13,36.28,81,75,19.57
630,Ilebo,CD,-4.3167,20.5833,77.43,77.43,76.39,32,85,2.28
631,Kuraymah,SD,18.55,31.85,85.89,85.89,89.22,55,100,18.12
632,San Fernando,PH,15.0286,120.6898,80.15,77.09,80.67,95,100,3.2
633,Darhan,MN,49.4867,105.9228,61.54,61.54,61.95,97,100,3.18
634,Forio,IT,40.7342,13.8646,80.42,77.77,78.73,83,0,11.01
635,Lakatoro,VU,-16.0999,167.4164,77.31,77.31,78.64,83,6,7.16
636,Oytal,KZ,42.9057,73.2697,79.43,79.43,79.43,28,95,8.5
637,Preston,GB,53.7667,-2.7167,68.27,68.27,68.38,76,0,3.8
638,Volksrust,ZA,-27.3654,29.8818,40.01,40.01,37.08,33,0,4.27
639,Sunrise Manor,US,36.2111,-115.0731,102.72,95.95,100.13,28,1,4.61
640,Westport,US,41.1415,-73.3579,89.28,80.74,88.32,58,1,11.5
641,Otradnoye,RU,59.7775,30.8181,66.25,58.96,62.55,78,96,5.88
642,Songea,TZ,-10.6833,35.65,59.86,59.86,58.51,63,26,2.66
643,Talnakh,RU,69.4865,88.3972,50.81,50.81,49.26,78,0,5.48
644,Alyangula,AU,-13.8483,136.4192,58.87,58.87,58.32,82,33,3.44
645,Leh,IN,34.1667,77.5833,59.41,59.41,57.97,62,96,4.21
646,Codó,BR,-4.4553,-43.8856,85.28,85.28,89.76,60,66,1.32
647,Kyzyl-Suu,KG,42.3414,78.0056,61.81,61.81,59.9,47,53,4.5
648,Volkhov,RU,59.9258,32.3382,59.23,59.23,57.92,65,99,4.23
649,Acajutla,SV,13.5928,-89.8275,95.34,93.79,107.94,56,22,7.61
650,Tagusao,PH,9.1924,117.8141,80.82,80.82,85.48,77,100,13.11
651,Mirny,RU,62.5353,113.9611,58.12,58.12,57.34,79,83,4.41
652,Kabalo,CD,-6.05,26.9167,80.73,80.73,79.56,29,7,5.12
653,Balkanabat,TM,39.5108,54.3671,91.27,91.27,88.97,28,0,6.6
654,Kodinsk,RU,58.6881,99.1844,54.57,54.57,54.05,92,3,0.94
655,Naze,JP,28.3667,129.4833,76.59,76.59,78.17,90,100,31.9
656,Qaqortoq,GL,60.7167,-46.0333,48.7,48.7,47.05,89,100,4.45
657,Urengoy,RU,65.9667,78.3667,54.09,54.09,52.95,80,1,7.76
658,Oyem,GA,1.5995,11.5793,72.77,72.77,73.51,80,96,2.24
659,Navahrudak,BY,53.6,25.8333,60.89,60.89,60.39,79,100,5.12
660,Cabedelo,BR,-6.9811,-34.8339,83.07,83.07,88.79,71,66,13.33
661,Rochegda,RU,62.8,43.25,58.55,58.55,57.2,66,90,5.59
662,Kovūr,IN,14.4833,79.9833,85.51,85.51,89.2,57,100,16.96
663,Ipixuna,BR,-1.7625,-48.8043,84.15,84.15,94.39,80,91,4.52
664,Kinablangan,PH,7.6947,126.5503,78.71,78.71,78.71,73,89,4.27
665,Akureyri,IS,65.6835,-18.0878,76.93,76.93,75.87,33,0,8.05
666,Biltine,TD,14.5333,20.9167,86.11,86.11,86.23,43,100,5.57
667,Yarmouth,US,41.7057,-70.2286,87.62,77.97,87.93,73,75,5.99
668,Pahrump,US,36.2083,-115.9839,98.26,92.84,94.64,28,10,1.01
669,Sivas Province,TR,39.7916,37.0019,79.43,79.43,79.43,41,0,9.22
670,Najrān,SA,17.4924,44.1277,74.05,74.05,74.16,64,66,3.0
671,Lebedinyy,RU,58.5167,125.5167,60.66,60.66,60.69,91,100,11.7
672,Karratha,AU,-20.7377,116.8463,69.58,69.58,69.62,72,78,8.57
673,Bahía Honda,CU,22.9036,-83.1592,88.18,88.18,96.98,63,33,4.18
674,Great Yarmouth,GB,52.6083,1.7305,70.95,68.95,70.18,76,0,9.84
675,Santa Elena,EC,-2.2333,-80.85,72.95,72.95,73.62,78,90,11.5
676,Kutum,SD,14.2,24.6667,85.14,85.14,83.64,35,77,6.15
677,Joensuu,FI,62.6012,29.7632,57.63,57.63,55.87,59,100,6.17
678,Iskateley,RU,67.6803,53.1512,56.14,56.14,55.11,78,91,6.33
679,Loreto,MX,22.2667,-101.9667,77.49,77.49,76.3,29,91,6.62
680,Fougamou,GA,-1.2154,10.5838,79.11,79.11,79.11,64,18,7.74
681,San Lazaro,BZ,18.0387,-88.6622,83.91,83.91,93.74,80,68,8.52
682,Raipur,IN,21.2333,81.6333,80.35,80.35,84.07,74,100,9.95
683,Caţa,RO,46.0833,25.2667,67.01,64.92,66.31,97,86,7.02
684,Gawler,AU,-34.6,138.7333,43.36,43.36,43.36,72,100,1.25
685,Poceirão,PT,38.831,-8.7937,74.59,66.78,69.82,61,3,14.94
686,Birin,NP,26.8865,88.0718,64.47,64.47,64.94,92,100,3.58
687,Tarakan,ID,3.3,117.6333,81.55,81.55,87.49,79,61,7.11
688,Vila,PT,42.0304,-8.1588,74.75,54.32,64.63,75,99,4.74
689,Lexington,US,37.9887,-84.4777,85.12,81.25,85.71,56,1,1.01
690,Águas Vermelhas,BR,-15.7472,-41.46,74.95,74.95,74.73,55,85,9.4
691,Kangalassy,RU,62.3464,129.9628,67.93,67.93,68.5,87,100,7.16
692,Ganzhou,CN,28.8184,115.4327,78.44,78.44,80.22,90,100,2.26
693,Bara,NG,10.3744,10.7288,81.72,81.72,85.12,66,100,9.42
694,Weleri,ID,-6.9713,110.0666,73.94,73.94,74.7,78,18,4.32
695,Marawi,PH,7.9986,124.2928,70.65,70.65,71.69,91,100,5.1
696,Kolpashevo,RU,58.3131,82.9089,59.43,59.43,58.51,73,86,3.42
697,Kérouané,GN,9.2667,-9.0167,73.31,73.31,74.62,91,94,4.16
698,Kūhdasht,IR,33.535,47.6061,89.51,89.51,85.71,18,25,1.41
699,Jūnāgarh,IN,19.8667,82.9333,78.87,78.87,78.87,86,100,5.14
700,Novoseleznëvo,RU,55.6821,69.2056,63.64,63.64,63.05,71,51,4.52
701,Zuwārah,LY,32.9312,12.082,78.84,78.84,78.84,71,0,9.78
702,Bemidji,US,47.4736,-94.8803,79.09,69.57,70.68,88,90,4.61
703,Port Townsend,US,48.117,-122.7605,67.82,58.1,61.48,80,90,5.01
704,Palmer,US,42.1584,-72.3287,87.48,81.72,88.59,62,75,1.01
705,Calamar,CO,10.2511,-74.9146,91.35,91.35,89.8,31,7,3.71
706,Chimoio,MZ,-19.1164,33.4833,62.46,62.46,61.79,72,20,8.05
707,Quepos,CR,9.4236,-84.1652,97.54,90.05,107.58,72,22,6.38
708,Kaduqli,SD,11.0167,29.7167,76.06,76.06,77.22,82,100,2.19
709,Ancud,CL,-41.8697,-73.8203,54.93,54.93,54.5,93,100,2.26
710,Kashan,IR,33.9831,51.4364,92.44,92.44,88.18,15,0,10.76
711,Praskoveya,RU,44.7444,44.2031,85.28,85.28,82.69,26,0,8.03
712,Saint-Augustin,CA,51.226,-58.6502,68.43,68.43,68.22,69,60,5.88
713,Zhoucheng,CN,35.9122,116.3117,74.35,74.35,76.01,96,100,7.74
714,Jieshi,CN,22.8134,115.8257,79.95,79.95,79.95,89,100,10.36
715,Valkeala,FI,60.9401,26.7979,61.2,59.31,60.64,77,0,8.05
716,Yārāda,IN,17.65,83.2667,82.72,82.72,95.18,94,90,2.3
717,Natal,BR,-5.795,-35.2094,84.85,84.42,88.52,61,40,18.41
718,Turbat,PK,26.0023,63.044,87.6,87.6,100.2,72,14,6.76
719,Gariāband,IN,20.635,82.0614,75.29,75.29,76.89,93,100,5.88
720,Corn Island,NI,12.1694,-83.0418,82.63,82.63,89.8,78,15,15.75
721,Kangaatsiaq,GL,68.3065,-53.4641,44.04,44.04,41.95,82,99,4.05
722,Bang Lamung,TH,13.047,100.9289,82.0,77.95,79.32,93,100,17.16
723,Ngama,TD,11.7833,17.1667,88.18,88.18,89.29,44,61,4.72
